{"stats":{"minecraft:used":{"minecraft:netherite_sword":34,"minecraft:netherite_boots":1,"minecraft:golden_apple":22,"minecraft:dirt":1,"minecraft:netherite_leggings":1,"minecraft:netherite_chestplate":1,"minecraft:netherite_helmet":1},"minecraft:killed":{"minecraft:skeleton":13,"minecraft:blaze":1},"minecraft:custom":{"minecraft:open_chest":1,"minecraft:time_since_rest":85584,"minecraft:crouch_one_cm":15,"minecraft:walk_one_cm":78065,"minecraft:sprint_one_cm":14892,"minecraft:play_time":85584,"minecraft:damage_taken":1914,"minecraft:damage_absorbed":619,"minecraft:sneak_time":160,"minecraft:walk_under_water_one_cm":3737,"minecraft:mob_kills":16,"minecraft:jump":274,"minecraft:damage_dealt":1850,"minecraft:leave_game":2,"minecraft:time_since_death":85584,"minecraft:walk_on_water_one_cm":922,"minecraft:total_world_time":85584,"minecraft:fall_one_cm":2914,"minecraft:fly_one_cm":40474},"minecraft:mined":{"minecraft:grass_block":1,"minecraft:fire":5},"minecraft:picked_up":{"minecraft:bone":329,"minecraft:arrow":343,"minecraft:bow":1,"minecraft:dirt":1}},"DataVersion":3465}