{"stats":{"minecraft:killed":{"minecraft:skeleton":23,"minecraft:spider":37,"minecraft:blaze":1},"minecraft:custom":{"minecraft:time_since_rest":50784,"minecraft:sprint_one_cm":25149,"minecraft:walk_one_cm":156231,"minecraft:damage_taken":2303,"minecraft:damage_absorbed":1546,"minecraft:mob_kills":68,"minecraft:drop":22,"minecraft:damage_dealt":9525,"minecraft:fly_one_cm":217879,"minecraft:open_chest":1,"minecraft:crouch_one_cm":15,"minecraft:play_time":193086,"minecraft:deaths":2,"minecraft:sneak_time":279,"minecraft:walk_under_water_one_cm":10450,"minecraft:damage_dealt_resisted":352,"minecraft:jump":569,"minecraft:leave_game":2,"minecraft:time_since_death":50748,"minecraft:walk_on_water_one_cm":1451,"minecraft:total_world_time":193086,"minecraft:fall_one_cm":6780},"minecraft:mined":{"minecraft:fire":5,"minecraft:grass":10,"minecraft:grass_block":1},"minecraft:used":{"minecraft:netherite_sword":147,"minecraft:netherite_chestplate":2,"minecraft:netherite_boots":2,"minecraft:golden_apple":25,"minecraft:dirt":1,"minecraft:netherite_leggings":2,"minecraft:netherite_helmet":2},"minecraft:picked_up":{"minecraft:netherite_boots":1,"minecraft:netherite_leggings":1,"minecraft:spider_eye":7,"minecraft:dirt":1,"minecraft:string":84,"minecraft:bone":467,"minecraft:arrow":458,"minecraft:bow":1,"minecraft:netherite_helmet":1,"minecraft:netherite_sword":1,"minecraft:totem_of_undying":1,"minecraft:netherite_chestplate":1},"minecraft:dropped":{"minecraft:tipped_arrow":7,"minecraft:arrow":458,"minecraft:bow":1,"minecraft:golden_apple":39,"minecraft:bone":467}},"DataVersion":3465}