{"stats":{"minecraft:killed":{"minecraft:spider":3,"minecraft:skeleton":23,"minecraft:blaze":1},"minecraft:custom":{"minecraft:time_since_rest":133095,"minecraft:open_chest":1,"minecraft:damage_absorbed":700,"minecraft:crouch_one_cm":15,"minecraft:sprint_one_cm":15613,"minecraft:play_time":133095,"minecraft:damage_taken":2149,"minecraft:walk_one_cm":90009,"minecraft:sneak_time":268,"minecraft:walk_under_water_one_cm":5564,"minecraft:mob_kills":34,"minecraft:drop":22,"minecraft:jump":311,"minecraft:damage_dealt":4045,"minecraft:leave_game":2,"minecraft:walk_on_water_one_cm":1157,"minecraft:time_since_death":133095,"minecraft:total_world_time":133095,"minecraft:fall_one_cm":3183,"minecraft:fly_one_cm":49695},"minecraft:mined":{"minecraft:grass_block":1,"minecraft:fire":5},"minecraft:used":{"minecraft:netherite_boots":1,"minecraft:golden_apple":25,"minecraft:dirt":1,"minecraft:netherite_leggings":1,"minecraft:netherite_chestplate":1,"minecraft:netherite_helmet":1,"minecraft:netherite_sword":64},"minecraft:picked_up":{"minecraft:arrow":458,"minecraft:bone":467,"minecraft:bow":1,"minecraft:string":2,"minecraft:dirt":1},"minecraft:dropped":{"minecraft:tipped_arrow":7,"minecraft:bow":1,"minecraft:arrow":458,"minecraft:golden_apple":39,"minecraft:bone":467}},"DataVersion":3465}