{"stats":{"minecraft:used":{"minecraft:netherite_sword":58,"minecraft:netherite_boots":1,"minecraft:golden_apple":25,"minecraft:dirt":1,"minecraft:netherite_leggings":1,"minecraft:netherite_chestplate":1,"minecraft:netherite_helmet":1},"minecraft:killed":{"minecraft:skeleton":23,"minecraft:blaze":1},"minecraft:custom":{"minecraft:open_chest":1,"minecraft:time_since_rest":97584,"minecraft:crouch_one_cm":15,"minecraft:walk_one_cm":87313,"minecraft:sprint_one_cm":15613,"minecraft:play_time":97584,"minecraft:damage_taken":2149,"minecraft:damage_absorbed":700,"minecraft:sneak_time":160,"minecraft:walk_under_water_one_cm":3737,"minecraft:mob_kills":31,"minecraft:jump":304,"minecraft:damage_dealt":3565,"minecraft:leave_game":2,"minecraft:time_since_death":97584,"minecraft:walk_on_water_one_cm":922,"minecraft:total_world_time":97584,"minecraft:fall_one_cm":2914,"minecraft:fly_one_cm":41511},"minecraft:mined":{"minecraft:grass_block":1,"minecraft:fire":5},"minecraft:picked_up":{"minecraft:bone":467,"minecraft:arrow":458,"minecraft:bow":1,"minecraft:dirt":1}},"DataVersion":3465}