{"stats":{"minecraft:killed":{"minecraft:spider":86,"minecraft:wandering_trader":1,"minecraft:creeper":1,"minecraft:phantom":8,"minecraft:skeleton":23,"minecraft:trader_llama":2,"minecraft:zombie":12,"minecraft:villager":1,"minecraft:blaze":1},"minecraft:crafted":{"minecraft:iron_helmet":1,"minecraft:diamond":144,"minecraft:diamond_helmet":3,"minecraft:diamond_leggings":3,"minecraft:iron_boots":1,"minecraft:iron_chestplate":1,"minecraft:iron_ingot":90,"minecraft:iron_leggings":1,"minecraft:diamond_boots":3,"minecraft:diamond_chestplate":3},"minecraft:dropped":{"minecraft:wheat_seeds":3,"minecraft:diamond_block":58,"minecraft:lead":2,"minecraft:rotten_flesh":11,"minecraft:leather":3,"minecraft:golden_apple":115,"minecraft:dirt":43,"minecraft:tipped_arrow":7,"minecraft:turtle_helmet":1,"minecraft:netherite_block":1,"minecraft:diamond_helmet":1,"minecraft:spider_eye":1,"minecraft:phantom_membrane":1,"minecraft:arrow":458,"minecraft:bow":1,"minecraft:string":16,"minecraft:bone":467},"minecraft:custom":{"minecraft:mob_kills":146,"minecraft:interact_with_crafting_table":6,"minecraft:damage_dealt_resisted":798,"minecraft:leave_game":17,"minecraft:time_since_death":263495,"minecraft:damage_resisted":16731,"minecraft:time_since_rest":263496,"minecraft:sprint_one_cm":53234,"minecraft:walk_one_cm":358764,"minecraft:damage_taken":7007771,"minecraft:damage_absorbed":2515,"minecraft:drop":38,"minecraft:damage_dealt":23423,"minecraft:damage_dealt_absorbed":160,"minecraft:talked_to_villager":1,"minecraft:fly_one_cm":372172,"minecraft:open_chest":5,"minecraft:crouch_one_cm":1786,"minecraft:play_time":596826,"minecraft:deaths":30,"minecraft:sneak_time":1026,"minecraft:walk_under_water_one_cm":13254,"minecraft:jump":1142,"minecraft:walk_on_water_one_cm":2909,"minecraft:total_world_time":596826,"minecraft:fall_one_cm":54078},"minecraft:used":{"minecraft:spider_spawn_egg":3,"minecraft:netherite_sword":340,"minecraft:diamond_boots":2,"minecraft:netherite_chestplate":4,"minecraft:zombie_spawn_egg":10,"minecraft:creeper_head":1,"minecraft:golden_apple":35,"minecraft:dirt":1,"minecraft:netherite_leggings":4,"minecraft:crafting_table":1,"minecraft:diamond_helmet":3,"minecraft:netherite_helmet":4,"minecraft:acacia_button":1,"immersive_paintings:graffiti":26,"minecraft:netherite_block":1,"minecraft:acacia_door":2,"immersive_paintings:painting":19,"minecraft:string":1,"minecraft:stone_slab":6,"minecraft:totem_of_undying":27,"immersive_paintings:glow_graffiti":24,"minecraft:netherite_boots":4,"minecraft:diamond_chestplate":2,"minecraft:diamond_leggings":2},"minecraft:picked_up":{"minecraft:netherite_boots":3,"minecraft:creeper_head":1,"minecraft:turtle_helmet":1,"minecraft:leather":6,"minecraft:lead":4,"minecraft:netherite_leggings":3,"minecraft:string":319,"minecraft:dirt":87,"minecraft:bone":467,"minecraft:bow":1,"minecraft:wheat_seeds":6,"immersive_paintings:graffiti":1,"minecraft:netherite_sword":3,"minecraft:diamond_helmet":1,"minecraft:phantom_membrane":2,"immersive_paintings:glow_graffiti":1,"minecraft:diamond_block":58,"minecraft:spider_eye":12,"minecraft:netherite_block":1,"minecraft:arrow":458,"minecraft:rotten_flesh":21,"minecraft:slime_ball":2,"minecraft:netherite_helmet":3,"minecraft:golden_apple":76,"minecraft:totem_of_undying":38,"minecraft:netherite_chestplate":4},"minecraft:mined":{"minecraft:grass_block":1,"minecraft:tall_grass":1,"minecraft:fire":5,"minecraft:grass":30,"minecraft:cobweb":3,"minecraft:tripwire":1}},"DataVersion":3465}