{"stats":{"minecraft:killed":{"minecraft:blaze":1},"minecraft:used":{"minecraft:netherite_sword":8,"minecraft:netherite_boots":1,"minecraft:golden_apple":12,"minecraft:dirt":1,"minecraft:netherite_leggings":1,"minecraft:netherite_chestplate":1,"minecraft:netherite_helmet":1},"minecraft:custom":{"minecraft:open_chest":1,"minecraft:time_since_rest":19584,"minecraft:walk_one_cm":46907,"minecraft:sprint_one_cm":9912,"minecraft:play_time":19584,"minecraft:damage_taken":702,"minecraft:damage_absorbed":330,"minecraft:sneak_time":159,"minecraft:walk_under_water_one_cm":3737,"minecraft:mob_kills":1,"minecraft:jump":168,"minecraft:damage_dealt":200,"minecraft:leave_game":2,"minecraft:time_since_death":19584,"minecraft:walk_on_water_one_cm":922,"minecraft:total_world_time":19584,"minecraft:fall_one_cm":2914,"minecraft:fly_one_cm":37250},"minecraft:mined":{"minecraft:grass_block":1,"minecraft:fire":5},"minecraft:picked_up":{"minecraft:dirt":1}},"DataVersion":3465}