{"stats":{"minecraft:used":{"minecraft:netherite_chestplate":1,"minecraft:golden_apple":7,"minecraft:netherite_helmet":1,"minecraft:netherite_boots":1,"minecraft:netherite_leggings":1,"minecraft:netherite_sword":1},"minecraft:custom":{"minecraft:jump":101,"minecraft:damage_absorbed":200,"minecraft:time_since_rest":7584,"minecraft:walk_on_water_one_cm":922,"minecraft:leave_game":2,"minecraft:play_time":7584,"minecraft:sprint_one_cm":7420,"minecraft:damage_taken":430,"minecraft:time_since_death":7584,"minecraft:walk_one_cm":15420,"minecraft:sneak_time":159,"minecraft:total_world_time":7584,"minecraft:walk_under_water_one_cm":3737,"minecraft:fall_one_cm":1033,"minecraft:fly_one_cm":30456,"minecraft:damage_dealt":120}},"DataVersion":3465}