{"stats":{"minecraft:custom":{"minecraft:time_since_rest":4931,"minecraft:sprint_one_cm":29480,"minecraft:damage_taken":2444,"minecraft:damage_absorbed":1548,"minecraft:walk_one_cm":182249,"minecraft:mob_kills":84,"minecraft:drop":23,"minecraft:damage_dealt":12305,"minecraft:fly_one_cm":260994,"minecraft:open_chest":1,"minecraft:crouch_one_cm":81,"minecraft:play_time":258245,"minecraft:deaths":26,"minecraft:sneak_time":366,"minecraft:walk_under_water_one_cm":10450,"minecraft:jump":632,"minecraft:damage_dealt_resisted":746,"minecraft:leave_game":5,"minecraft:walk_on_water_one_cm":1451,"minecraft:time_since_death":4928,"minecraft:total_world_time":258245,"minecraft:fall_one_cm":9028},"minecraft:killed":{"minecraft:skeleton":23,"minecraft:spider":52,"minecraft:villager":1,"minecraft:blaze":1},"minecraft:mined":{"minecraft:fire":5,"minecraft:grass":12,"minecraft:grass_block":1},"minecraft:used":{"minecraft:netherite_sword":191,"minecraft:netherite_chestplate":4,"minecraft:string":1,"minecraft:netherite_boots":4,"minecraft:golden_apple":25,"minecraft:dirt":1,"minecraft:netherite_leggings":4,"minecraft:netherite_helmet":4},"minecraft:dropped":{"minecraft:tipped_arrow":7,"minecraft:spider_eye":1,"minecraft:arrow":458,"minecraft:bow":1,"minecraft:golden_apple":39,"minecraft:bone":467},"minecraft:picked_up":{"minecraft:netherite_boots":3,"minecraft:netherite_leggings":3,"minecraft:string":282,"minecraft:spider_eye":11,"minecraft:dirt":1,"minecraft:bone":467,"minecraft:arrow":458,"minecraft:bow":1,"minecraft:netherite_helmet":3,"minecraft:netherite_sword":3,"minecraft:totem_of_undying":3,"minecraft:netherite_chestplate":4}},"DataVersion":3465}