{"stats":{"minecraft:killed":{"minecraft:skeleton":23,"minecraft:spider":7,"minecraft:blaze":1},"minecraft:custom":{"minecraft:time_since_rest":14784,"minecraft:sprint_one_cm":20654,"minecraft:walk_one_cm":107633,"minecraft:damage_taken":2303,"minecraft:damage_absorbed":700,"minecraft:mob_kills":38,"minecraft:drop":22,"minecraft:damage_dealt":4685,"minecraft:fly_one_cm":210917,"minecraft:open_chest":1,"minecraft:crouch_one_cm":15,"minecraft:play_time":157086,"minecraft:deaths":2,"minecraft:sneak_time":279,"minecraft:walk_under_water_one_cm":10450,"minecraft:jump":387,"minecraft:leave_game":2,"minecraft:time_since_death":14748,"minecraft:walk_on_water_one_cm":1451,"minecraft:total_world_time":157086,"minecraft:fall_one_cm":5944},"minecraft:mined":{"minecraft:fire":5,"minecraft:grass":4,"minecraft:grass_block":1},"minecraft:used":{"minecraft:netherite_sword":75,"minecraft:netherite_chestplate":2,"minecraft:netherite_boots":2,"minecraft:golden_apple":25,"minecraft:dirt":1,"minecraft:netherite_leggings":2,"minecraft:netherite_helmet":2},"minecraft:picked_up":{"minecraft:netherite_boots":1,"minecraft:netherite_leggings":1,"minecraft:dirt":1,"minecraft:string":8,"minecraft:bone":467,"minecraft:arrow":458,"minecraft:bow":1,"minecraft:netherite_helmet":1,"minecraft:netherite_sword":1,"minecraft:totem_of_undying":1,"minecraft:netherite_chestplate":1},"minecraft:dropped":{"minecraft:tipped_arrow":7,"minecraft:arrow":458,"minecraft:bow":1,"minecraft:golden_apple":39,"minecraft:bone":467}},"DataVersion":3465}