{"stats":{"minecraft:dropped":{"minecraft:tipped_arrow":7,"minecraft:spider_eye":1,"minecraft:arrow":458,"minecraft:bow":1,"minecraft:golden_apple":39,"minecraft:bone":467},"minecraft:picked_up":{"minecraft:netherite_boots":3,"immersive_paintings:glow_graffiti":1,"minecraft:netherite_leggings":3,"minecraft:string":285,"minecraft:spider_eye":12,"minecraft:dirt":1,"minecraft:arrow":458,"minecraft:bone":467,"minecraft:rotten_flesh":2,"minecraft:slime_ball":2,"minecraft:bow":1,"minecraft:netherite_helmet":3,"immersive_paintings:graffiti":1,"minecraft:netherite_sword":3,"minecraft:totem_of_undying":38,"minecraft:netherite_chestplate":4},"minecraft:mined":{"minecraft:fire":5,"minecraft:grass":12,"minecraft:grass_block":1,"minecraft:cobweb":2},"minecraft:used":{"minecraft:spider_spawn_egg":3,"minecraft:netherite_sword":217,"immersive_paintings:painting":19,"minecraft:string":1,"minecraft:netherite_chestplate":4,"wildfire_mo:poison_skele_spawn_egg":1,"minecraft:stone_slab":4,"immersive_paintings:glow_graffiti":24,"minecraft:totem_of_undying":19,"minecraft:netherite_boots":4,"minecraft:golden_apple":25,"minecraft:dirt":1,"minecraft:netherite_leggings":4,"minecraft:netherite_helmet":4,"immersive_paintings:graffiti":26},"minecraft:killed":{"wildfire_mo:poison_skele":2,"minecraft:skeleton":23,"minecraft:zombie":2,"minecraft:spider":56,"minecraft:villager":1,"minecraft:blaze":1},"minecraft:custom":{"minecraft:time_since_rest":70818,"minecraft:sprint_one_cm":44026,"minecraft:damage_taken":7214,"minecraft:damage_absorbed":2028,"minecraft:walk_one_cm":245893,"minecraft:mob_kills":92,"minecraft:drop":23,"minecraft:damage_dealt":13957,"minecraft:damage_dealt_absorbed":160,"minecraft:fly_one_cm":332132,"minecraft:open_chest":3,"minecraft:crouch_one_cm":872,"minecraft:play_time":404148,"minecraft:deaths":30,"minecraft:sneak_time":655,"minecraft:walk_under_water_one_cm":13254,"minecraft:jump":788,"minecraft:damage_dealt_resisted":746,"minecraft:leave_game":15,"minecraft:walk_on_water_one_cm":2205,"minecraft:time_since_death":70817,"minecraft:total_world_time":404148,"minecraft:damage_resisted":15697,"minecraft:fall_one_cm":48593}},"DataVersion":3465}