{"stats":{"minecraft:killed":{"minecraft:spider":59,"minecraft:wandering_trader":1,"minecraft:skeleton":23,"minecraft:trader_llama":2,"minecraft:zombie":3,"minecraft:villager":1,"minecraft:blaze":1},"minecraft:dropped":{"minecraft:golden_apple":39,"minecraft:tipped_arrow":7,"minecraft:diamond_helmet":1,"minecraft:spider_eye":1,"minecraft:arrow":458,"minecraft:bow":1,"minecraft:bone":467},"minecraft:crafted":{"minecraft:iron_helmet":1,"minecraft:diamond":144,"minecraft:diamond_helmet":3,"minecraft:diamond_leggings":3,"minecraft:iron_boots":1,"minecraft:iron_chestplate":1,"minecraft:iron_ingot":90,"minecraft:diamond_boots":3,"minecraft:iron_leggings":1,"minecraft:diamond_chestplate":3},"minecraft:custom":{"minecraft:mob_kills":99,"minecraft:interact_with_crafting_table":6,"minecraft:damage_dealt_resisted":746,"minecraft:leave_game":15,"minecraft:time_since_death":226602,"minecraft:damage_resisted":16731,"minecraft:time_since_rest":226603,"minecraft:sprint_one_cm":46924,"minecraft:walk_one_cm":316137,"minecraft:damage_taken":3007254,"minecraft:damage_absorbed":2148,"minecraft:drop":24,"minecraft:damage_dealt":15587,"minecraft:damage_dealt_absorbed":160,"minecraft:talked_to_villager":1,"minecraft:fly_one_cm":345248,"minecraft:open_chest":5,"minecraft:crouch_one_cm":1434,"minecraft:play_time":559933,"minecraft:deaths":30,"minecraft:sneak_time":719,"minecraft:walk_under_water_one_cm":13254,"minecraft:jump":918,"minecraft:walk_on_water_one_cm":2205,"minecraft:total_world_time":559933,"minecraft:fall_one_cm":49638},"minecraft:used":{"minecraft:spider_spawn_egg":3,"minecraft:netherite_sword":227,"minecraft:diamond_boots":2,"minecraft:netherite_chestplate":4,"minecraft:golden_apple":27,"minecraft:dirt":1,"minecraft:netherite_leggings":4,"minecraft:crafting_table":1,"minecraft:diamond_helmet":3,"minecraft:netherite_helmet":4,"minecraft:acacia_button":1,"immersive_paintings:graffiti":26,"minecraft:netherite_block":1,"minecraft:acacia_door":2,"immersive_paintings:painting":19,"minecraft:string":1,"minecraft:stone_slab":6,"minecraft:totem_of_undying":22,"immersive_paintings:glow_graffiti":24,"minecraft:netherite_boots":4,"minecraft:diamond_chestplate":2,"minecraft:diamond_leggings":2},"minecraft:picked_up":{"minecraft:netherite_boots":3,"minecraft:leather":3,"minecraft:lead":2,"minecraft:netherite_leggings":3,"minecraft:string":287,"minecraft:dirt":1,"minecraft:bone":467,"minecraft:bow":1,"minecraft:wheat_seeds":1,"immersive_paintings:graffiti":1,"minecraft:netherite_sword":3,"minecraft:diamond_helmet":1,"immersive_paintings:glow_graffiti":1,"minecraft:spider_eye":12,"minecraft:arrow":458,"minecraft:rotten_flesh":3,"minecraft:slime_ball":2,"minecraft:netherite_helmet":3,"minecraft:totem_of_undying":38,"minecraft:netherite_chestplate":4},"minecraft:mined":{"minecraft:grass_block":1,"minecraft:tall_grass":1,"minecraft:fire":5,"minecraft:grass":17,"minecraft:cobweb":2}},"DataVersion":3465}