{"stats":{"minecraft:dropped":{"minecraft:tipped_arrow":7,"minecraft:spider_eye":1,"minecraft:arrow":458,"minecraft:bow":1,"minecraft:golden_apple":39,"minecraft:bone":467},"minecraft:picked_up":{"minecraft:netherite_boots":3,"immersive_paintings:glow_graffiti":1,"minecraft:netherite_leggings":3,"minecraft:string":282,"minecraft:spider_eye":11,"minecraft:dirt":1,"minecraft:arrow":458,"minecraft:bone":467,"minecraft:slime_ball":1,"minecraft:bow":1,"minecraft:netherite_helmet":3,"immersive_paintings:graffiti":1,"minecraft:netherite_sword":3,"minecraft:totem_of_undying":38,"minecraft:netherite_chestplate":4},"minecraft:mined":{"minecraft:fire":5,"minecraft:grass":12,"minecraft:grass_block":1},"minecraft:used":{"minecraft:netherite_sword":195,"immersive_paintings:painting":19,"minecraft:string":1,"minecraft:netherite_chestplate":4,"wildfire_mo:poison_skele_spawn_egg":1,"minecraft:stone_slab":4,"immersive_paintings:glow_graffiti":24,"minecraft:totem_of_undying":19,"minecraft:netherite_boots":4,"minecraft:golden_apple":25,"minecraft:dirt":1,"minecraft:netherite_leggings":4,"minecraft:netherite_helmet":4,"immersive_paintings:graffiti":26},"minecraft:killed":{"wildfire_mo:poison_skele":1,"minecraft:skeleton":23,"minecraft:spider":52,"minecraft:villager":1,"minecraft:blaze":1},"minecraft:custom":{"minecraft:time_since_rest":53952,"minecraft:sprint_one_cm":41870,"minecraft:damage_taken":7214,"minecraft:damage_absorbed":2028,"minecraft:walk_one_cm":217215,"minecraft:mob_kills":85,"minecraft:drop":23,"minecraft:damage_dealt":12615,"minecraft:damage_dealt_absorbed":80,"minecraft:fly_one_cm":312494,"minecraft:open_chest":3,"minecraft:crouch_one_cm":780,"minecraft:play_time":387282,"minecraft:deaths":30,"minecraft:sneak_time":618,"minecraft:walk_under_water_one_cm":13254,"minecraft:jump":746,"minecraft:damage_dealt_resisted":746,"minecraft:leave_game":14,"minecraft:walk_on_water_one_cm":2205,"minecraft:time_since_death":53951,"minecraft:total_world_time":387282,"minecraft:damage_resisted":1276,"minecraft:fall_one_cm":48593}},"DataVersion":3465}