{"stats":{"minecraft:picked_up":{"minecraft:netherite_boots":5,"minecraft:grass_block":1,"minecraft:netherite_leggings":5,"minecraft:dirt":5,"minecraft:netherite_helmet":5,"immersive_paintings:graffiti":4,"minecraft:golden_apple":95,"minecraft:totem_of_undying":3,"minecraft:netherite_chestplate":5,"minecraft:mutton":2,"minecraft:white_wool":1},"minecraft:killed":{"minecraft:sheep":1},"minecraft:custom":{"minecraft:time_since_rest":130377,"minecraft:sprint_one_cm":33479,"minecraft:walk_one_cm":59883,"minecraft:damage_taken":5784,"minecraft:damage_absorbed":1088,"minecraft:mob_kills":1,"minecraft:drop":16,"minecraft:damage_dealt":120,"minecraft:fly_one_cm":40936,"minecraft:open_chest":3,"minecraft:crouch_one_cm":538,"minecraft:play_time":215973,"minecraft:deaths":4,"minecraft:sneak_time":304,"minecraft:jump":260,"minecraft:leave_game":8,"minecraft:time_since_death":130356,"minecraft:total_world_time":215973,"minecraft:fall_one_cm":1103},"minecraft:dropped":{"minecraft:lava_bucket":1,"minecraft:mutton":2,"minecraft:bowl":3,"immersive_paintings:graffiti":5,"minecraft:totem_of_undying":3,"minecraft:white_wool":1,"minecraft:grass_block":2},"minecraft:killed_by":{"minecraft:blaze":2},"minecraft:mined":{"minecraft:fire":4,"minecraft:grass":8,"minecraft:grass_block":4,"minecraft:dirt":1},"minecraft:used":{"minecraft:lava_bucket":5,"minecraft:grass_block":4,"minecraft:netherite_chestplate":6,"minecraft:rabbit_stew":3,"minecraft:netherite_boots":7,"minecraft:golden_apple":36,"minecraft:dirt":5,"minecraft:netherite_leggings":5,"minecraft:netherite_helmet":5,"immersive_paintings:graffiti":1}},"DataVersion":3465}