{"stats":{"minecraft:custom":{"minecraft:jump":43,"minecraft:time_since_rest":180621,"minecraft:crouch_one_cm":141,"minecraft:leave_game":3,"minecraft:play_time":180621,"minecraft:sprint_one_cm":4466,"minecraft:damage_taken":40,"minecraft:time_since_death":180621,"minecraft:walk_one_cm":4675,"minecraft:sneak_time":177,"minecraft:total_world_time":180621,"minecraft:fall_one_cm":1762,"minecraft:fly_one_cm":78769},"minecraft:used":{"minecraft:creeper_spawn_egg":1,"minecraft:minecart":1,"minecraft:rail":34,"minecraft:redstone_block":8,"minecraft:powered_rail":10}},"DataVersion":3465}