{"stats":{"minecraft:custom":{"minecraft:jump":53,"minecraft:time_since_rest":242110,"minecraft:crouch_one_cm":475,"minecraft:leave_game":4,"minecraft:play_time":242110,"minecraft:sprint_one_cm":4963,"minecraft:damage_taken":40,"minecraft:time_since_death":242110,"minecraft:walk_one_cm":5155,"minecraft:sneak_time":434,"minecraft:total_world_time":242110,"minecraft:fall_one_cm":1762,"minecraft:fly_one_cm":138314},"minecraft:used":{"minecraft:creeper_spawn_egg":1,"minecraft:minecart":1,"minecraft:rail":34,"minecraft:redstone_block":8,"minecraft:powered_rail":10}},"DataVersion":3465}