{"stats":{"minecraft:mined":{"minecraft:grass":8,"minecraft:grass_block":4,"minecraft:dirt":1,"minecraft:fire":4},"minecraft:custom":{"minecraft:damage_absorbed":1088,"minecraft:open_chest":3,"minecraft:time_since_rest":115729,"minecraft:crouch_one_cm":272,"minecraft:play_time":201325,"minecraft:sprint_one_cm":32340,"minecraft:damage_taken":5784,"minecraft:walk_one_cm":52318,"minecraft:deaths":4,"minecraft:sneak_time":213,"minecraft:mob_kills":1,"minecraft:drop":7,"minecraft:jump":249,"minecraft:damage_dealt":120,"minecraft:leave_game":7,"minecraft:time_since_death":115708,"minecraft:total_world_time":201325,"minecraft:fly_one_cm":37275,"minecraft:fall_one_cm":1103},"minecraft:killed_by":{"minecraft:blaze":2},"minecraft:picked_up":{"minecraft:netherite_boots":5,"minecraft:netherite_helmet":5,"minecraft:golden_apple":95,"minecraft:netherite_chestplate":5,"minecraft:mutton":2,"minecraft:netherite_leggings":5,"minecraft:dirt":5,"minecraft:white_wool":1},"minecraft:killed":{"minecraft:sheep":1},"minecraft:dropped":{"minecraft:lava_bucket":1,"minecraft:mutton":2,"minecraft:bowl":3,"minecraft:white_wool":1,"minecraft:grass_block":1},"minecraft:used":{"minecraft:lava_bucket":5,"minecraft:dirt":5,"minecraft:netherite_leggings":5,"minecraft:grass_block":2,"minecraft:netherite_chestplate":6,"minecraft:netherite_helmet":5,"minecraft:netherite_boots":7,"minecraft:rabbit_stew":3,"minecraft:golden_apple":36}},"DataVersion":3465}