{"stats":{"minecraft:custom":{"minecraft:time_since_rest":2571,"minecraft:crouch_one_cm":154,"minecraft:sprint_one_cm":4340,"minecraft:play_time":43515,"minecraft:deaths":1,"minecraft:damage_taken":1070,"minecraft:walk_one_cm":3047,"minecraft:sneak_time":174,"minecraft:drop":1,"minecraft:jump":25,"minecraft:leave_game":2,"minecraft:time_since_death":2539,"minecraft:total_world_time":43515,"minecraft:fall_one_cm":209,"minecraft:fly_one_cm":12666},"minecraft:used":{"minecraft:netherite_boots":2,"minecraft:lava_bucket":5,"minecraft:dirt":5,"minecraft:netherite_leggings":2,"minecraft:netherite_chestplate":2,"minecraft:netherite_helmet":2},"minecraft:mined":{"minecraft:grass":3,"minecraft:grass_block":4,"minecraft:dirt":1,"minecraft:fire":1},"minecraft:dropped":{"minecraft:lava_bucket":1},"minecraft:picked_up":{"minecraft:netherite_boots":1,"minecraft:netherite_helmet":1,"minecraft:netherite_chestplate":1,"minecraft:netherite_leggings":1,"minecraft:dirt":5}},"DataVersion":3465}