{"stats":{"minecraft:custom":{"minecraft:open_chest":1,"minecraft:time_since_rest":68514,"minecraft:damage_taken":5174,"minecraft:crouch_one_cm":272,"minecraft:sprint_one_cm":26491,"minecraft:play_time":154110,"minecraft:damage_absorbed":1048,"minecraft:deaths":4,"minecraft:walk_one_cm":33362,"minecraft:sneak_time":213,"minecraft:drop":1,"minecraft:jump":213,"minecraft:damage_dealt":40,"minecraft:leave_game":3,"minecraft:time_since_death":68493,"minecraft:total_world_time":154110,"minecraft:fall_one_cm":894,"minecraft:fly_one_cm":32211},"minecraft:mined":{"minecraft:grass":8,"minecraft:grass_block":4,"minecraft:dirt":1,"minecraft:fire":3},"minecraft:used":{"minecraft:golden_apple":34,"minecraft:lava_bucket":5,"minecraft:dirt":5,"minecraft:netherite_leggings":5,"minecraft:netherite_chestplate":6,"minecraft:netherite_helmet":5,"minecraft:netherite_boots":7},"minecraft:killed_by":{"minecraft:blaze":2},"minecraft:picked_up":{"minecraft:netherite_boots":5,"minecraft:netherite_helmet":5,"minecraft:golden_apple":95,"minecraft:netherite_chestplate":5,"minecraft:netherite_leggings":5,"minecraft:dirt":5},"minecraft:dropped":{"minecraft:lava_bucket":1}},"DataVersion":3465}