{"stats":{"minecraft:picked_up":{"minecraft:netherite_boots":5,"minecraft:netherite_leggings":5,"minecraft:dirt":5,"minecraft:netherite_helmet":5,"minecraft:golden_apple":95,"minecraft:netherite_chestplate":5,"minecraft:mutton":2,"minecraft:white_wool":1},"minecraft:killed":{"minecraft:sheep":1},"minecraft:custom":{"minecraft:time_since_rest":120537,"minecraft:sprint_one_cm":33479,"minecraft:walk_one_cm":55441,"minecraft:damage_taken":5784,"minecraft:damage_absorbed":1088,"minecraft:mob_kills":1,"minecraft:drop":9,"minecraft:damage_dealt":120,"minecraft:fly_one_cm":40936,"minecraft:open_chest":3,"minecraft:crouch_one_cm":289,"minecraft:play_time":206133,"minecraft:deaths":4,"minecraft:sneak_time":237,"minecraft:jump":260,"minecraft:leave_game":7,"minecraft:time_since_death":120516,"minecraft:total_world_time":206133,"minecraft:fall_one_cm":1103},"minecraft:dropped":{"minecraft:lava_bucket":1,"minecraft:mutton":2,"minecraft:bowl":3,"immersive_paintings:graffiti":1,"minecraft:totem_of_undying":1,"minecraft:white_wool":1,"minecraft:grass_block":1},"minecraft:killed_by":{"minecraft:blaze":2},"minecraft:mined":{"minecraft:fire":4,"minecraft:grass":8,"minecraft:grass_block":4,"minecraft:dirt":1},"minecraft:used":{"minecraft:lava_bucket":5,"minecraft:grass_block":3,"minecraft:netherite_chestplate":6,"minecraft:rabbit_stew":3,"minecraft:netherite_boots":7,"minecraft:golden_apple":36,"minecraft:dirt":5,"minecraft:netherite_leggings":5,"minecraft:netherite_helmet":5,"immersive_paintings:graffiti":1}},"DataVersion":3465}