{"stats":{"minecraft:custom":{"minecraft:jump":48,"minecraft:time_since_rest":230110,"minecraft:crouch_one_cm":255,"minecraft:leave_game":4,"minecraft:play_time":230110,"minecraft:sprint_one_cm":4654,"minecraft:damage_taken":40,"minecraft:time_since_death":230110,"minecraft:walk_one_cm":4870,"minecraft:sneak_time":224,"minecraft:total_world_time":230110,"minecraft:fall_one_cm":1762,"minecraft:fly_one_cm":88318},"minecraft:used":{"minecraft:creeper_spawn_egg":1,"minecraft:minecart":1,"minecraft:rail":34,"minecraft:redstone_block":8,"minecraft:powered_rail":10}},"DataVersion":3465}