{"stats":{"minecraft:custom":{"minecraft:open_chest":1,"minecraft:time_since_rest":217,"minecraft:damage_taken":3629,"minecraft:crouch_one_cm":247,"minecraft:sprint_one_cm":10450,"minecraft:play_time":70110,"minecraft:damage_absorbed":440,"minecraft:deaths":3,"minecraft:walk_one_cm":15456,"minecraft:sneak_time":192,"minecraft:drop":1,"minecraft:jump":92,"minecraft:leave_game":3,"minecraft:time_since_death":0,"minecraft:total_world_time":70110,"minecraft:fall_one_cm":627,"minecraft:fly_one_cm":19361},"minecraft:mined":{"minecraft:grass":8,"minecraft:grass_block":4,"minecraft:dirt":1,"minecraft:fire":2},"minecraft:used":{"minecraft:golden_apple":13,"minecraft:lava_bucket":5,"minecraft:dirt":5,"minecraft:netherite_leggings":3,"minecraft:netherite_chestplate":3,"minecraft:netherite_helmet":3,"minecraft:netherite_boots":3},"minecraft:killed_by":{"minecraft:blaze":1},"minecraft:picked_up":{"minecraft:netherite_boots":1,"minecraft:netherite_helmet":1,"minecraft:netherite_chestplate":1,"minecraft:netherite_leggings":1,"minecraft:dirt":5},"minecraft:dropped":{"minecraft:lava_bucket":1}},"DataVersion":3465}