{"stats":{"minecraft:custom":{"minecraft:open_chest":1,"minecraft:time_since_rest":12217,"minecraft:damage_taken":4043,"minecraft:crouch_one_cm":247,"minecraft:sprint_one_cm":19478,"minecraft:play_time":82110,"minecraft:damage_absorbed":600,"minecraft:deaths":3,"minecraft:walk_one_cm":19979,"minecraft:sneak_time":198,"minecraft:drop":1,"minecraft:jump":141,"minecraft:damage_dealt":30,"minecraft:leave_game":3,"minecraft:time_since_death":5579,"minecraft:total_world_time":82110,"minecraft:fall_one_cm":894,"minecraft:fly_one_cm":26828},"minecraft:mined":{"minecraft:grass":8,"minecraft:grass_block":4,"minecraft:dirt":1,"minecraft:fire":2},"minecraft:used":{"minecraft:golden_apple":18,"minecraft:lava_bucket":5,"minecraft:dirt":5,"minecraft:netherite_leggings":5,"minecraft:netherite_chestplate":5,"minecraft:netherite_helmet":4,"minecraft:netherite_boots":5},"minecraft:killed_by":{"minecraft:blaze":1},"minecraft:picked_up":{"minecraft:netherite_boots":3,"minecraft:netherite_helmet":3,"minecraft:golden_apple":51,"minecraft:netherite_chestplate":3,"minecraft:netherite_leggings":3,"minecraft:dirt":5},"minecraft:dropped":{"minecraft:lava_bucket":1}},"DataVersion":3465}