{"stats":{"minecraft:custom":{"minecraft:jump":12,"minecraft:time_since_rest":31515,"minecraft:leave_game":2,"minecraft:crouch_one_cm":3,"minecraft:play_time":31515,"minecraft:sprint_one_cm":1390,"minecraft:time_since_death":31515,"minecraft:walk_one_cm":1326,"minecraft:sneak_time":95,"minecraft:total_world_time":31515,"minecraft:fly_one_cm":11070},"minecraft:used":{"minecraft:dirt":5},"minecraft:mined":{"minecraft:grass":1,"minecraft:grass_block":4,"minecraft:dirt":1},"minecraft:picked_up":{"minecraft:dirt":5}},"DataVersion":3465}