{"stats":{"minecraft:used":{"minecraft:powered_rail":3,"minecraft:minecart":1,"minecraft:redstone_block":1,"minecraft:rail":7,"minecraft:creeper_spawn_egg":1},"minecraft:custom":{"minecraft:jump":37,"minecraft:time_since_rest":8936,"minecraft:leave_game":3,"minecraft:play_time":8936,"minecraft:sprint_one_cm":3942,"minecraft:damage_taken":40,"minecraft:time_since_death":8936,"minecraft:walk_one_cm":3685,"minecraft:sneak_time":40,"minecraft:total_world_time":8936,"minecraft:fall_one_cm":1762,"minecraft:fly_one_cm":6424}},"DataVersion":3465}