{"stats":{"minecraft:custom":{"minecraft:jump":42,"minecraft:time_since_rest":156621,"minecraft:crouch_one_cm":139,"minecraft:leave_game":3,"minecraft:play_time":156621,"minecraft:sprint_one_cm":4420,"minecraft:damage_taken":40,"minecraft:time_since_death":156621,"minecraft:walk_one_cm":4262,"minecraft:sneak_time":168,"minecraft:total_world_time":156621,"minecraft:fall_one_cm":1762,"minecraft:fly_one_cm":78769},"minecraft:used":{"minecraft:creeper_spawn_egg":1,"minecraft:minecart":1,"minecraft:rail":34,"minecraft:redstone_block":8,"minecraft:powered_rail":10}},"DataVersion":3465}